CustomerKey,Recency,Frequency,Monetary,Cluster,Group
A0350,9,25,51238.1144,1,High
A0351,16,6,17890.311999999998,3,Medium
A0352,14,14,46424.03852,2,Low
A0353,24,14,27607.68636,2,Low
A0354,31,6,9973.92064,3,Medium
A0355,29,8,20105.90008,3,Medium
A0356,85,10,15733.79076,3,Medium
A0357,24,20,58583.1032,2,Low
A0363,8,4,8215.5405,3,Medium
A0365,92,5,13192.476,3,Medium
A0367,281,1,20747.488,0,Missing
A0368,102,6,9982.31188,3,Medium
A0369,18,16,24467.37358,2,Low
A0370,11,2,1600.085,3,Medium
A0371,4,17,39879.94032,2,Low
A0372,4,7,53497.2525,2,Low
A0373,88,3,15233.7896,3,Medium
A0375,28,28,91490.08616,1,High
A0376,134,2,1045.0,0,Missing
A0377,15,31,90803.77656,1,High
A0379,200,5,7788.1093,0,Missing
A0380,23,26,44892.25766,2,Low
A0382,49,20,39290.654200000004,2,Low
A0383,44,5,8219.31008,3,Medium
A0385,11,16,21365.703999999998,2,Low
A0387,16,25,48119.9422,2,Low
A0388,36,2,1366.024,3,Medium
A0389,63,6,11963.6628,3,Medium
A0390,43,3,12935.6748,3,Medium
A0393,37,8,22344.3324,3,Medium
A0395,14,5,19162.8396,3,Medium
A0399,16,18,46777.91372,2,Low
A0401,247,3,1354.4388,0,Missing
A0403,29,18,37633.50504,2,Low
A0404,78,7,11972.315999999999,3,Medium
A0406,24,3,2138.9974,3,Medium
A0407,46,7,17412.53008,3,Medium
A0408,16,27,84215.81636,1,High
A0409,36,5,43988.01264,3,Medium
A0410,100,3,23273.360000000004,3,Medium
A0411,30,14,33055.8136,2,Low
A0412,71,25,103467.83966,1,High
A0414,10,19,50802.3474,2,Low
A0415,4,19,54608.59534,2,Low
A0417,331,1,1182.72,0,Missing
A0418,43,4,1688.0094,3,Medium
A0419,28,18,33211.20156,2,Low
A0420,64,4,6624.112,3,Medium
A0421,38,7,10615.4094,3,Medium
A0422,8,29,38852.14154,1,High
A0423,101,4,17705.647680000002,3,Medium
A0424,155,7,22291.5641,0,Missing
A0426,3,10,15457.50488,3,Medium
A0427,10,20,53668.96852,2,Low
A0428,9,30,68214.84626,1,High
A0429,16,24,56170.27036,1,High
A0431,0,20,42921.03694,2,Low
A0432,141,8,20877.8636,0,Missing
A0433,16,3,5226.46208,3,Medium
A0434,275,4,9433.902,0,Missing
A0435,31,5,9168.87488,3,Medium
A0436,17,15,20892.34086,2,Low
A0438,7,21,52471.00508,2,Low
A0442,92,3,3781.8,3,Medium
A0443,24,5,14467.0144,3,Medium
A0444,10,14,66391.1241,2,Low
A0445,28,22,69718.16796,1,High
A0446,11,7,8024.2118,3,Medium
A0450,46,7,29682.678079999998,3,Medium
A0452,3,17,51035.60072,2,Low
A0453,133,6,19213.7616,0,Missing
A0454,73,7,12743.98748,3,Medium
A0455,105,2,2772.0078,3,Medium
A0456,25,7,15127.86256,3,Medium
A0457,70,18,31211.8092,2,Low
A0458,23,19,25885.64418,2,Low
A0459,31,15,30868.958,2,Low
A0461,150,5,12071.3444,0,Missing
A0462,11,16,94588.98832,1,High
A0463,14,19,42524.26112,2,Low
A0464,16,26,55737.95916,1,High
A0466,18,10,14818.6566,3,Medium
A0467,2,8,16875.1588,3,Medium
A0470,10,24,50930.23436,2,Low
A0471,3,13,30434.050880000003,2,Low
A0472,39,24,38678.19816,2,Low
A0473,10,15,34747.6274,2,Low
A0474,42,7,55410.72,3,Medium
A0477,21,1,3565.056,3,Medium
A0478,9,7,9368.4158,3,Medium
A0480,22,27,42586.78934,2,Low
A0481,9,5,10283.23096,3,Medium
A0482,31,4,10019.87808,3,Medium
A0484,101,2,7134.4416,3,Medium
A0486,65,3,3396.624,3,Medium
A0487,11,6,7832.14864,3,Medium
A0493,8,24,57110.203,1,High
A0494,64,10,28727.84208,3,Medium
A0495,9,26,42881.5884,2,Low
A0496,29,20,41919.68018,2,Low
A0497,14,21,51243.36924,2,Low
A0498,98,4,12519.6456,3,Medium
A0499,36,6,5694.343,3,Medium
A0500,15,6,17687.75496,3,Medium
A0502,18,11,21722.25292,3,Medium
A0503,7,15,27690.08864,2,Low
A0504,35,16,41540.22568,2,Low
A0505,9,14,33625.77328,2,Low
A0506,16,20,27370.729040000002,2,Low
A0507,105,7,19309.056,3,Medium
A0510,52,5,25498.20416,3,Medium
A0511,80,4,3579.1254,3,Medium
A0512,16,21,47105.839680000005,2,Low
A0513,16,22,70536.3922,1,High
A0514,25,16,51271.95136,2,Low
A0515,3,20,42637.890400000004,2,Low
A0516,2,7,14034.8976,3,Medium
A0517,36,10,47434.30128,2,Low
A0519,22,22,42422.7064,2,Low
A0520,77,3,4263.2128,3,Medium
A0522,7,14,45104.94008,2,Low
A0523,28,4,6731.2784,3,Medium
A0525,10,4,22838.0864,3,Medium
A0528,8,17,46616.37692,2,Low
A0529,9,29,93357.25092,1,High
A0530,7,17,31043.235,2,Low
A0531,3,31,76942.71316,1,High
A0534,73,23,50206.8252,2,Low
A0536,65,5,23439.78288,3,Medium
A0539,21,4,10274.2788,3,Medium
A0541,23,5,12945.299,3,Medium
A0542,66,19,47053.24054,2,Low
A0544,51,7,13032.646,3,Medium
A0545,10,9,14896.1194,3,Medium
A0546,164,5,12146.319,0,Missing
A0547,8,17,76588.84698,1,High
A0548,18,22,88428.33828,1,High
A0550,133,8,10693.54088,0,Missing
A0552,9,16,33275.403040000005,2,Low
A0554,7,3,13128.7398,3,Medium
A0556,37,4,4126.496,3,Medium
A0557,18,26,43957.92852,2,Low
A0559,17,23,50929.96704,2,Low
A0560,157,3,2777.3256,0,Missing
A0561,3,7,17181.94708,3,Medium
A0562,367,1,3142.825,0,Missing
A0565,52,6,41481.625,3,Medium
A0566,94,9,19442.22684,3,Medium
A0567,11,9,21824.5488,3,Medium
A0569,9,8,7703.5545,3,Medium
A0571,39,4,7925.00508,3,Medium
A0574,15,31,63133.327040000004,1,High
A0575,74,4,5961.139999999999,3,Medium
A0576,52,21,47727.03496,2,Low
A0578,11,24,54593.79472,1,High
A0579,51,3,5537.8576,3,Medium
A0581,10,5,3838.027,3,Medium
A0582,2,25,58630.030139999995,1,High
A0583,8,19,51466.5178,2,Low
A0584,67,3,6360.9216,3,Medium
A0585,17,2,17040.45,3,Medium
A0586,91,9,11060.0008,3,Medium
A0587,10,22,35450.40128,2,Low
A0589,115,12,30520.130640000003,3,Medium
A0592,21,7,14503.912199999999,3,Medium
A0593,11,19,42394.38672,2,Low
A0597,46,4,8548.198,3,Medium
A0601,80,11,22221.6432,3,Medium
A0602,113,5,7300.78888,3,Medium
A0603,4,17,37971.4601,2,Low
A0605,98,4,12800.11016,3,Medium
A0607,11,27,59831.2574,1,High
A0609,248,4,4933.3284,0,Missing
A0610,3,27,89642.5049,1,High
A0611,9,9,20294.608,3,Medium
A0615,7,11,39951.26736,2,Low
A0616,11,30,75300.39862,1,High
A0618,51,2,4794.24,3,Medium
A0620,262,3,2950.332,0,Missing
A0624,32,3,5199.15,3,Medium
A0625,7,8,11095.5064,3,Medium
A0626,189,5,16648.12296,0,Missing
A0627,4,21,55727.3165,2,Low
A0629,17,28,74925.30036,1,High
A0630,9,25,60678.71478,1,High
A0632,0,33,108218.955,1,High
A0633,11,21,54357.8831,2,Low
A0635,43,5,11961.17712,3,Medium
A0636,15,2,3805.0086,3,Medium
A0637,58,5,7045.988960000001,3,Medium
A0640,87,11,22824.160320000003,3,Medium
A0641,4,22,105607.04174,1,High
A0642,37,8,14677.394,3,Medium
A0643,14,23,42985.028860000006,2,Low
A0647,149,3,3428.9727999999996,0,Missing
A0648,22,7,16181.58292,3,Medium
A0649,158,2,1677.016,0,Missing
A0654,150,6,20576.2144,0,Missing
A0655,4,25,52836.00978,1,High
A0657,9,15,22579.60852,2,Low
A0659,14,17,15176.4289,2,Low
A0660,35,22,65717.35262,1,High
A0661,18,4,4359.8258000000005,3,Medium
A0662,86,2,4123.768,3,Medium
A0665,49,22,43550.06656,2,Low
A0666,193,3,11385.598399999999,0,Missing
A0667,57,3,4163.07264,3,Medium
A0670,14,23,46959.892,2,Low
A0671,35,3,4415.15712,3,Medium
A0672,122,2,2832.8608000000004,0,Missing
A0673,15,29,61452.74552,1,High
A0678,23,10,15799.8106,3,Medium
A0679,1,21,47252.972519999996,2,Low
A0681,9,21,41843.36562,2,Low
A0682,51,2,2102.034,3,Medium
A0683,7,5,6796.0538799999995,3,Medium
A0684,23,18,50681.35952,2,Low
A0686,16,26,43363.0438,2,Low
A0688,16,10,38630.527780000004,2,Low
A0690,37,19,41335.451740000004,2,Low
A0693,8,26,76988.27666,1,High
A0694,7,8,21215.58736,3,Medium
A0695,4,17,62673.45536,2,Low
A0696,53,15,46249.586279999996,2,Low
A0697,17,6,12823.63824,3,Medium
A0701,9,23,50037.39528,2,Low
A0702,21,7,18571.47764,3,Medium
A0703,59,19,48763.78456,2,Low
A0704,8,16,27979.953,2,Low
A0705,112,6,20229.615999999998,3,Medium
A0706,22,8,26562.8992,3,Medium
A0707,3,13,39029.94814,2,Low
A0708,42,30,87497.89356,1,High
A0709,14,9,14925.05864,3,Medium
A0710,17,6,12195.5,3,Medium
A0713,9,6,35481.9203,3,Medium
A0715,45,6,4420.900000000001,3,Medium
A0716,37,25,52974.0406,1,High
A0718,8,9,23999.30448,3,Medium
A0720,25,27,92360.8116,1,High
A0721,53,2,7743.4302,3,Medium
A0722,137,4,5943.608,0,Missing
A0724,35,20,65380.778119999995,2,Low
A0725,7,9,43259.45348,2,Low
A0726,24,7,11458.1258,3,Medium
A0727,32,3,10745.52808,3,Medium
A0728,154,3,8277.1608,0,Missing
A0730,203,1,19288.368,0,Missing
A0731,25,20,89636.23352000001,1,High
A0732,63,5,12749.98712,3,Medium
A0736,226,2,4890.1776,0,Missing
A0737,144,8,14365.0892,0,Missing
A0738,2,21,35175.2063,2,Low
A0739,102,6,11881.4784,3,Medium
A0740,177,2,5500.133760000001,0,Missing
A0741,4,10,27572.6416,3,Medium
A0742,11,20,74867.5855,1,High
A0743,24,28,59606.427039999995,1,High
A0744,9,25,45165.38784,2,Low
A0745,35,23,52042.53812,2,Low
A0746,23,7,5382.4446,3,Medium
A0747,3,24,53322.91824,2,Low
A0749,8,16,31065.125079999998,2,Low
A0753,14,6,12335.0705,3,Medium
A0754,22,21,76203.0003,1,High
A0756,16,4,12812.75832,3,Medium
A0757,22,3,11150.028,3,Medium
A0758,10,3,17142.75,3,Medium
A0760,4,22,56559.01008,2,Low
A0761,38,28,79820.90654,1,High
A0762,18,14,25119.3865,2,Low
A0763,0,23,67630.12352,1,High
A0764,18,25,73451.62556,1,High
A0765,38,7,20201.36412,3,Medium
A0767,98,4,14993.6204,3,Medium
A0769,53,5,23654.141539999997,3,Medium
A0770,140,1,2787.84,0,Missing
A0771,21,20,57297.02332,2,Low
A0772,52,2,3044.91,3,Medium
A0773,3,16,54055.6225,2,Low
A0774,3,11,61376.75888,2,Low
A0776,84,4,6388.1456,3,Medium
A0777,70,5,6345.82672,3,Medium
A0778,79,9,23540.29664,3,Medium
A0781,2,29,62839.258160000005,1,High
A0782,105,3,5313.3984,3,Medium
A0783,106,5,8120.0016,3,Medium
A0785,2,16,34041.4772,2,Low
A0786,16,9,15628.4436,3,Medium
A0789,9,6,15697.64464,3,Medium
A0790,37,5,11238.48,3,Medium
A0791,28,6,16418.628,3,Medium
A0792,15,17,39605.81658,2,Low
A0795,7,23,44652.56108,2,Low
A0796,59,19,44784.4917,2,Low
A0797,38,3,5752.398080000001,3,Medium
A0798,23,23,55839.7272,2,Low
A0799,16,21,57199.47676,2,Low
A0800,29,22,64388.18152,1,High
A0801,17,20,49295.38332,2,Low
A0802,15,25,72820.62104,1,High
A0803,162,4,2921.8805,0,Missing
A0806,255,3,2470.952,0,Missing
A0807,115,5,6798.16088,0,Missing
A0808,56,29,113650.21052,1,High
A0809,17,1,1461.4776,3,Medium
A0810,23,6,12248.28544,3,Medium
A0811,17,22,51571.11,2,Low
A0813,102,3,2715.6800000000003,3,Medium
A0815,4,30,52427.30826,1,High
A0816,16,20,47189.62872,2,Low
A0817,87,3,6141.84,3,Medium
A0819,17,22,66311.35628,1,High
A0821,11,19,32336.90982,2,Low
A0822,52,6,15109.66,3,Medium
A0823,226,1,6209.9136,0,Missing
A0824,46,28,90622.36652000001,1,High
A0826,4,21,45496.89026,2,Low
A0827,87,4,17201.6413,3,Medium
A0828,147,5,10866.10032,0,Missing
A0830,0,26,68471.80608000001,1,High
A0833,14,7,9011.1,3,Medium
A0834,18,4,8818.75696,3,Medium
A0835,17,23,42311.12948,2,Low
A0836,7,13,18338.80404,3,Medium
A0837,31,9,19179.94824,3,Medium
A0838,23,4,6476.40296,3,Medium
A0839,79,4,9034.4208,3,Medium
A0841,4,4,4679.615,3,Medium
A0842,30,19,46835.24978,2,Low
A0843,100,5,25147.95288,3,Medium
A0845,44,24,85556.66646000001,1,High
A0846,58,15,43733.55208,2,Low
A0847,11,5,9291.2117,3,Medium
A0850,78,4,8709.39296,3,Medium
A0852,4,27,53513.904500000004,1,High
A0853,7,25,60933.9325,1,High
A0854,102,3,10639.965600000001,3,Medium
A0856,63,5,5654.6566,3,Medium
A0859,211,3,2643.303,0,Missing
A0861,17,20,48752.28028,2,Low
A0862,7,20,77191.7424,1,High
A0863,38,8,19887.683,3,Medium
A0864,1,10,29285.7,3,Medium
A0865,99,4,4760.3158,3,Medium
A0867,38,7,27575.47264,3,Medium
A0869,16,22,45417.16108,2,Low
A0870,63,6,12287.996600000002,3,Medium
A0871,11,7,19255.92104,3,Medium
A0873,14,7,32280.755,3,Medium
A0875,46,4,8887.4896,3,Medium
A0877,44,9,30152.945160000003,3,Medium
A0878,3,24,40089.3595,2,Low
A0879,2,26,59253.27964,1,High
A0880,14,27,76911.48052,1,High
A0881,25,29,93480.83382,1,High
A0883,24,13,28390.173199999997,2,Low
A0884,10,20,56969.529760000005,2,Low
A0886,121,5,7494.8216,0,Missing
A0887,16,29,88768.23284,1,High
A0890,10,23,71830.98814,1,High
A0891,31,6,18229.79,3,Medium
A0892,14,28,72432.87134,1,High
A0893,42,24,49825.0053,2,Low
A0894,7,1,1182.72,3,Medium
A0895,92,5,14064.568,3,Medium
A0897,11,25,52806.06022,1,High
A0899,214,1,2524.7376,0,Missing
A0900,98,4,21774.34,3,Medium
A0901,7,5,21216.41468,3,Medium
A0903,11,18,31518.3026,2,Low
A0904,44,2,1015.1687999999999,3,Medium
A0905,17,19,30064.15038,2,Low
A0906,14,15,24875.15884,2,Low
A0907,31,16,60026.62536,2,Low
A0910,50,3,4474.366,3,Medium
A0913,212,5,6626.532,0,Missing
A0914,36,5,11250.954,3,Medium
A0915,155,5,4867.984,0,Missing
A0916,21,16,49488.317240000004,2,Low
A0917,3,2,2132.3720000000003,3,Medium
A0918,109,10,17324.90424,3,Medium
A0919,25,19,41633.6086,2,Low
A0920,3,5,12517.4016,3,Medium
A0921,11,5,7384.5728,3,Medium
A0922,2,17,36912.064080000004,2,Low
A0923,49,8,15771.436,3,Medium
A0925,154,5,12842.23776,0,Missing
A0927,3,25,105417.13242000001,1,High
A0928,42,8,38336.526,3,Medium
A0929,98,7,20141.33904,3,Medium
A0930,18,24,65266.72756,1,High
A0931,9,12,27023.15066,2,Low
A0932,22,8,23193.258,3,Medium
A0933,7,21,49640.0871,2,Low
A0934,17,26,99067.25374,1,High
A0935,35,4,5347.96154,3,Medium
A0937,11,18,42053.32092,2,Low
A0938,88,3,2558.6000000000004,3,Medium
A0940,63,7,35003.517680000004,3,Medium
A0941,38,6,10781.929,3,Medium
A0942,21,26,86139.02036000001,1,High
A0943,35,29,70250.6629,1,High
A0944,16,20,35600.067,2,Low
A0945,4,39,134834.46316,1,High
A0946,37,14,37679.432,2,Low
A0947,22,6,8591.133,3,Medium
A0949,11,24,53114.22696,2,Low
A0950,137,1,744.876,0,Missing
A0951,94,7,15346.3758,3,Medium
A0952,0,33,74417.23832,1,High
A0953,22,22,74846.93156,1,High
A0954,99,5,6196.64048,3,Medium
A0955,36,18,45877.11408,2,Low
A0959,25,4,5023.88406,3,Medium
A0961,9,22,37208.33882,2,Low
A0962,11,6,10299.056,3,Medium
A0963,15,28,81864.7884,1,High
A0964,72,5,14013.37376,3,Medium
A0965,17,22,74474.1676,1,High
A0967,56,9,26512.74168,3,Medium
A0970,7,7,41785.6628,3,Medium
A0972,73,15,39342.27844,2,Low
A0973,291,1,2488.648,0,Missing
A0975,25,8,17426.4076,3,Medium
A0977,10,25,71324.95348,1,High
A0978,3,13,32831.5146,2,Low
A0981,67,2,3186.4975999999997,3,Medium
A0982,0,26,84430.81888,1,High
A0983,44,2,4446.9744,3,Medium
A0986,93,3,13127.2768,3,Medium
A0987,8,28,76546.67326,1,High
A0988,22,17,69275.82128,2,Low
A0989,171,4,6258.916,0,Missing
A0990,7,37,66780.0444,1,High
A0991,79,3,1501.2849999999999,3,Medium
A0992,64,17,50483.76288,2,Low
A0993,17,22,37558.39826,2,Low
A0994,10,25,47495.51342,2,Low
A0995,25,3,6340.600640000001,3,Medium
A0996,50,6,10068.23704,3,Medium
A0997,8,21,38768.347,2,Low
A0998,14,5,6209.3668,3,Medium
A1000,7,5,12014.8626,3,Medium
A1001,63,3,14821.3168,3,Medium
A1002,21,24,56374.96976,1,High
A1003,43,20,53747.528,2,Low
A1004,162,3,10350.64,0,Missing
A1007,4,15,40701.60416,2,Low
A1009,11,20,39811.43736,2,Low
A1011,39,4,5921.8896,3,Medium
A1013,157,4,4502.432,0,Missing
A1014,31,19,30779.97304,2,Low
A1015,11,6,13957.616,3,Medium
A1017,168,3,1898.71,0,Missing
A1018,4,9,20642.83856,3,Medium
A1020,16,25,47448.59708,2,Low
A1022,31,2,5204.43,3,Medium
A1027,10,18,68940.61356,2,Low
A1029,50,17,39520.140960000004,2,Low
A1030,4,20,70372.00972,1,High
A1031,134,5,20463.352,0,Missing
A1032,213,2,1979.7359999999999,0,Missing
A1034,93,4,12598.56112,3,Medium
A1035,31,15,23067.58912,2,Low
A1036,0,24,55814.31774,1,High
A1037,43,4,6943.09264,3,Medium
A1038,7,8,13699.5072,3,Medium
A1039,9,7,10001.11144,3,Medium
A1044,346,1,1461.4776,0,Missing
A1046,228,3,4823.848,0,Missing
A1047,11,9,45849.85788,2,Low
A1049,14,4,12349.75456,3,Medium
A1050,29,18,89339.44002000001,1,High
A1054,11,20,50126.7032,2,Low
A1055,11,21,48644.35454,2,Low
A1056,45,19,50691.769680000005,2,Low
A1057,0,25,40899.3358,2,Low
A1058,18,17,56207.663140000004,2,Low
A1059,64,5,16603.136,3,Medium
A1060,191,4,7440.616,0,Missing
A1062,3,29,110455.19378,1,High
A1063,53,6,6043.928,3,Medium
A1064,9,23,63143.46234,1,High
A1065,4,24,40827.3381,2,Low
A1067,3,26,33561.219600000004,2,Low
A1068,7,21,43138.98766,2,Low
A1069,86,7,16783.74368,3,Medium
A1071,57,4,5067.09,3,Medium
A1072,21,12,51515.6101,2,Low
A1073,99,9,20545.38524,3,Medium
A1076,3,24,48528.55662,2,Low
A1077,71,4,11387.6752,3,Medium
A1078,74,5,46534.51096,3,Medium
A1079,2,16,30465.6596,2,Low
A1083,43,3,2509.21,3,Medium
A1085,3,14,24100.554480000003,2,Low
A1088,170,3,6699.952,0,Missing
A1089,10,24,65363.5408,1,High
A1090,212,3,10643.921600000001,0,Missing
A1091,66,4,5352.512000000001,3,Medium
A1092,11,37,59468.31734,1,High
A1093,23,5,19515.90584,3,Medium
A1094,30,5,25664.432960000002,3,Medium
A1095,15,22,55193.68048,2,Low
A1098,65,4,13354.670080000002,3,Medium
A1100,0,30,62240.77444,1,High
A1101,21,28,83954.00844,1,High
A1102,35,6,8367.73062,3,Medium
A1103,4,22,42484.28792,2,Low
A1104,57,7,12884.184000000001,3,Medium
A1106,37,4,4403.3554,3,Medium
A1108,58,8,12522.2724,3,Medium
A1110,1,21,59946.08314,2,Low
A1112,147,2,2161.247,0,Missing
A1113,70,6,7025.036959999999,3,Medium
A1114,8,7,17811.23104,3,Medium
A1115,72,5,13012.617,3,Medium
A1116,11,21,64443.70768,1,High
A1118,43,12,32025.22992,2,Low
A1119,22,5,6597.84,3,Medium
A1120,8,31,104101.32268,1,High
A1123,73,8,16410.2758,3,Medium
A1124,29,18,37371.566399999996,2,Low
A1125,142,7,14592.11136,0,Missing
A1127,283,2,3526.1027999999997,0,Missing
A1128,140,4,5844.18,0,Missing
A1129,9,22,48119.4524,2,Low
A1130,21,32,119277.9062,1,High
A1131,144,4,8711.937600000001,0,Missing
A1132,102,6,7543.937,3,Medium
A1133,49,23,50440.59896,2,Low
A1134,162,3,12911.3984,0,Missing
A1135,37,19,65081.05584,2,Low
A1136,65,5,10008.14176,3,Medium
A1137,15,20,60167.90438,2,Low
A1138,30,9,23181.290399999998,3,Medium
A1139,24,16,42309.787599999996,2,Low
A1142,8,32,68285.95782,1,High
A1144,7,15,46139.00468,2,Low
A1146,24,19,40739.455760000004,2,Low
A1147,99,7,9678.266,3,Medium
A1149,28,9,13089.6001,3,Medium
A1150,58,7,20873.15392,3,Medium
A1151,29,6,46388.11496,3,Medium
A1152,36,8,60797.5496,2,Low
A1153,16,29,52291.0151,1,High
A1159,9,16,48327.70536,2,Low
A1160,37,5,6702.08,3,Medium
A1161,10,28,68648.84674000001,1,High
A1162,24,22,50322.84442,2,Low
A1163,53,28,84025.2644,1,High
A1164,11,32,69985.8434,1,High
A1165,38,5,10733.932,3,Medium
A1167,51,19,33406.6208,2,Low
A1168,39,6,10447.4212,3,Medium
A1169,18,20,43659.66884,2,Low
A1170,4,4,11728.42304,3,Medium
A1171,197,2,4832.229600000001,0,Missing
A1172,93,6,26720.0484,3,Medium
A1173,49,2,5852.465279999999,3,Medium
A1175,70,5,8206.4512,3,Medium
A1176,8,12,35153.89372,2,Low
A1178,16,18,31232.52226,2,Low
A1179,60,4,5502.58,3,Medium
A1181,3,24,34749.90532,2,Low
A1182,71,8,35388.9496,3,Medium
A1183,93,7,17771.127200000003,3,Medium
A1184,46,6,11401.837599999999,3,Medium
A1185,39,6,18247.67446,3,Medium
A1186,45,8,28148.064,3,Medium
A1187,16,21,54722.594900000004,2,Low
A1188,10,20,40443.9326,2,Low
A1190,116,3,1910.5636,0,Missing
A1191,199,6,15310.34664,0,Missing
A1193,3,31,57752.79616,1,High
A1195,57,8,13945.30304,3,Medium
A1197,24,22,41307.66336,2,Low
A1201,101,6,9731.762480000001,3,Medium
A1202,11,34,70342.40276,1,High
A1203,100,8,16503.0878,3,Medium
A1204,4,27,65256.28686,1,High
A1206,109,4,2593.36,3,Medium
A1208,17,18,39007.3104,2,Low
A1209,154,2,16537.004,0,Missing
A1210,24,8,15371.51,3,Medium
A1211,31,6,37101.64976,3,Medium
A1212,18,25,64453.494920000005,1,High
A1214,8,20,48881.2292,2,Low
A1215,11,27,85285.36232,1,High
A1216,14,20,53323.8265,2,Low
A1217,3,6,23584.396,3,Medium
A1219,25,3,4020.73,3,Medium
A1221,3,20,50146.66152,2,Low
A1223,53,3,4397.2326,3,Medium
A1225,15,21,60136.74264,2,Low
A1226,25,29,61775.74948,1,High
A1227,168,5,17930.814,0,Missing
A1228,8,21,52355.74148,2,Low
A1229,32,7,19937.95184,3,Medium
A1230,8,21,65056.84706,1,High
A1232,9,31,110238.74226,1,High
A1236,8,29,78803.30062000001,1,High
A1237,24,17,49579.05998,2,Low
A1239,23,6,6082.0285,3,Medium
A1240,18,27,51353.08888,1,High
A1241,45,7,18990.98576,3,Medium
A1242,65,5,14423.0635,3,Medium
A1243,29,4,4892.71904,3,Medium
A1244,86,10,35659.34852,3,Medium
A1248,31,6,31329.033879999995,3,Medium
A1249,8,7,9057.980880000001,3,Medium
A1251,16,6,10160.737,3,Medium
A1252,49,6,10559.874,3,Medium
A1253,16,2,3806.14464,3,Medium
A1254,15,14,38727.35708,2,Low
A1255,3,22,102867.18476,1,High
A1256,49,3,2989.502,3,Medium
A1257,11,22,72722.70544,1,High
A1258,77,6,6564.5712,3,Medium
A1260,8,19,63719.543600000005,2,Low
A1261,135,4,10525.279,0,Missing
A1264,8,5,10611.4376,3,Medium
A1265,9,29,71655.36664000001,1,High
A1269,43,4,5199.5988,3,Medium
A1270,14,19,43859.18774,2,Low
A1271,7,21,65816.76348000001,1,High
A1272,31,6,12106.569200000002,3,Medium
A1274,38,16,39185.4361,2,Low
A1276,58,5,10745.356,3,Medium
A1277,0,19,44043.82588,2,Low
A1278,10,26,52460.1695,1,High
A1279,9,6,7866.6900000000005,3,Medium
A1280,15,4,10883.278880000002,3,Medium
A1282,10,23,46057.67656,2,Low
A1284,60,5,28782.923000000003,3,Medium
A1285,63,24,59488.77652,1,High
A1286,14,13,40314.20268,2,Low
A1287,37,5,6397.16,3,Medium
A1288,130,4,10012.6808,0,Missing
A1289,183,2,4407.4448,0,Missing
A1290,11,24,71588.63436,1,High
A1291,32,5,18013.08736,3,Medium
A1292,17,18,32292.92294,2,Low
A1293,59,7,16194.24,3,Medium
A1295,107,6,12697.375680000001,3,Medium
A1296,36,7,11989.983499999998,3,Medium
A1297,4,19,42936.1003,2,Low
A1299,18,17,64109.37866,2,Low
A1300,101,7,9688.5624,3,Medium
A1301,3,4,3065.216,3,Medium
A1302,30,26,60816.6152,1,High
A1304,49,4,5566.52888,3,Medium
A1305,7,28,94804.80668000001,1,High
A1306,14,19,44567.07408,2,Low
A1307,4,21,40869.73766,2,Low
A1308,200,7,13664.1792,0,Missing
A1309,11,8,17129.67008,3,Medium
A1311,15,18,31142.709580000002,2,Low
A1312,50,5,25463.680000000004,3,Medium
A1313,2,28,60998.45352,1,High
A1314,109,6,11023.272,3,Medium
A1316,3,32,114734.67826,1,High
A1318,155,3,8466.9376,0,Missing
A1319,30,17,78792.07518,1,High
A1320,17,18,42299.45148,2,Low
A1323,4,22,68254.05436,1,High
A1325,39,6,7296.04864,3,Medium
A1326,80,9,15370.29204,3,Medium
A1329,4,22,49050.53236,2,Low
A1330,64,1,1182.72,3,Medium
A1331,9,11,26471.42212,3,Medium
A1332,14,24,57166.59964,1,High
A1333,8,19,62289.82912,2,Low
A1334,14,23,57892.47948,1,High
A1335,164,4,24483.14176,0,Missing
A1336,28,6,15468.3728,3,Medium
A1337,15,22,64254.30218,1,High
A1338,4,26,50933.96336,1,High
A1340,23,2,5464.799999999999,3,Medium
A1341,227,6,9831.58296,0,Missing
A1343,18,29,71994.45482,1,High
A1345,4,22,69913.0312,1,High
A1346,28,9,30877.3892,3,Medium
A1348,7,15,48766.88256,2,Low
A1349,9,11,32199.81504,2,Low
A1350,80,6,16114.828720000001,3,Medium
A1353,4,22,74414.3849,1,High
A1354,57,1,3142.825,3,Medium
A1357,63,20,61344.821840000004,2,Low
A1358,18,16,37775.12612,2,Low
A1359,57,4,12952.698,3,Medium
A1360,4,26,60155.96338,1,High
A1361,10,7,11270.15496,3,Medium
A1362,3,21,41694.72108,2,Low
A1363,29,6,17003.71056,3,Medium
A1365,25,2,4529.2984,3,Medium
A1366,52,4,3401.88,3,Medium
A1367,46,20,51307.23542,2,Low
A1369,25,18,51725.55906,2,Low
A1370,18,21,85824.56942,1,High
A1371,8,8,9370.4612,3,Medium
A1372,218,3,9588.876,0,Missing
A1373,8,3,5842.8447,3,Medium
A1374,14,6,30201.0328,3,Medium
A1375,177,4,5574.9980000000005,0,Missing
A1378,135,5,18686.14,0,Missing
A1381,15,25,57640.37092,1,High
A1382,3,7,16860.44658,3,Medium
A1384,109,5,19313.109200000003,3,Medium
A1385,17,7,7984.92612,3,Medium
A1386,57,4,8786.2984,3,Medium
A1387,17,19,65359.03788,2,Low
A1388,4,23,103716.54568000001,1,High
A1390,18,27,63606.25464,1,High
A1395,126,4,8211.8784,0,Missing
A1397,35,9,30033.8864,3,Medium
A1401,9,8,16111.139640000001,3,Medium
A1402,77,5,8594.499600000001,3,Medium
A1403,43,14,42148.55378,2,Low
A1406,3,23,61656.85936,1,High
A1407,37,9,10782.4556,3,Medium
A1408,7,14,20098.53202,2,Low
A1409,7,15,62722.51392,2,Low
A1410,16,24,79388.26931999999,1,High
A1411,25,6,11269.496,3,Medium
A1412,9,24,68096.20752,1,High
A1413,10,23,52738.79456,2,Low
A1415,17,20,53019.49664,2,Low
A1416,4,24,49938.383780000004,2,Low
A1419,50,22,64257.845199999996,1,High
A1420,85,14,25054.18342,2,Low
